0.535859947,0.853400466,-0.54509675,0.790336515,0.751091488,0.402479845,1
-0.246457196,-0.067585858,-0.936903705,-0.481559171,0.241408027,-0.059496745,1
-0.283523538,0.919663509,-0.31369492,0.774804083,-0.121901812,0.034562033,1
-0.928414472,-0.479672677,-0.246471702,-0.702362309,0.745297157,-0.691944666,1
0.643934352,0.618575618,-0.859648621,-0.011809231,0.298100393,0.191957084,1
-0.890685177,-0.383517823,0.119200118,0.954609072,0.636607725,-0.567017064,1
-0.966710845,0.585325831,-0.605917856,0.888938123,0.882507917,-0.853129974,1
-0.774135702,0.087405257,0.461564018,0.500019376,0.574247514,-0.444545503,1
-0.091535901,0.490848902,0.946565098,-0.979478751,0.961234447,-0.087987461,1
0.159563166,0.367073659,-0.595072544,0.266708964,0.639871546,0.10209993,1
-0.54784921,0.434266628,-0.381129723,0.592420665,0.294011933,-0.161074205,1
-0.358763085,0.635492892,-0.343863598,0.347130782,0.440526696,-0.158044717,1
-0.079834723,0.383894494,-0.191074612,-0.355242262,0.315568299,-0.025193308,1
-0.772485954,0.919697676,0.450961283,0.158515256,0.492235807,-0.380245247,1
-0.82787167,-0.703701414,0.701240477,-0.750975908,0.744302398,-0.61618687,1
-0.540395516,0.531826294,0.003566585,0.909208876,0.202606121,-0.10948744,1
-0.887621623,-0.198578259,-0.302334555,-0.291466955,0.674839886,-0.599002475,1
-0.988867691,0.593435943,0.185141756,-0.664604763,-0.074142624,0.073317245,1
-0.48253856,0.127237829,0.174378571,0.489571238,0.661598663,-0.319246866,1
-0.938756008,-0.507187271,-0.249140011,-0.298871828,0.956937646,-0.898330964,1
-0.551660773,0.851578387,0.126902981,-0.785988103,0.991842559,-0.547160633,1
-0.691726956,-0.527986455,0.228707999,-0.22571228,0.699963992,-0.484183962,1
0.162614064,0.848182303,-0.391170551,-0.60784659,-0.032610738,-0.005302965,1
-0.40647892,0.565390663,-0.59359718,0.64217584,0.374833732,-0.152362011,1
-0.702579531,0.016125965,-0.786746434,0.427086908,0.916551057,-0.643950012,1
-0.281255979,0.594287104,0.830822469,0.394048841,0.86766586,-0.24403621,1
-0.644148233,-0.005659545,0.134712655,-0.774357858,0.498038894,-0.320810874,1
-0.568670236,0.490867718,0.980036415,0.641410014,0.989223965,-0.562542225,1
-0.452761775,-0.213431581,-0.903386197,0.183437227,0.508557557,-0.230255422,1
-0.252317648,0.874971604,-0.247663541,-0.681698299,-0.195891485,0.049426879,1
0.099652738,0.367206638,-0.646117849,0.380048075,0.479071,0.047740737,1
-0.223146545,0.895765625,0.133057395,-0.157688951,0.980875708,-0.218879025,1
-0.300289711,0.866227171,-0.18050665,-0.738424981,-0.259359847,0.077883093,1
-0.982885134,-0.165175578,0.13545592,-0.974348872,0.2468936,-0.24266805,1
-0.638865987,0.652124821,-0.048759074,-0.358378169,0.323490596,-0.206667139,1
0.325634651,0.72172672,-0.777517717,-0.746657474,-0.548421962,-0.178585194,1
-0.661751664,-0.226613176,0.040903343,-0.194782273,0.796893066,-0.527345312,1
-0.531702991,0.046089181,0.264191067,-0.846177988,0.509686011,-0.271001577,1
-0.484969353,0.327745102,0.858588657,0.802371814,0.773394053,-0.375072414,1
0.095478756,0.270917533,-0.878366698,-0.61637431,-0.034252226,-0.00327036,1
-0.383271515,0.453017303,-0.775106258,-0.577163769,-0.180700488,0.06925735,1
-0.324944357,0.935415206,0.28991088,0.51474734,0.50780414,-0.16500809,1
-0.973195113,-0.318911329,-0.696581789,0.594825356,0.963026717,-0.937212895,1
-0.257555823,-0.88673944,-0.814824001,-0.24387514,0.988492281,-0.254591943,1
-0.020965679,-0.272976261,-0.376587139,-0.269691146,0.905408541,-0.018982505,1
-0.595757784,0.959944146,0.152514743,-0.892053205,0.841382381,-0.501260103,1
-0.670998553,0.807685643,0.828581716,0.098475866,0.79779166,-0.535317049,1
-0.661804958,0.668089537,-0.570947434,0.720642686,0.007065914,-0.004676257,1
-0.089945807,0.797311458,-0.387797291,-0.279520963,0.142157182,-0.012786442,1
-0.127301028,0.262511501,-0.559362822,-0.75971998,0.298375968,-0.037983567,1
-0.815600704,-0.864940797,-0.259738783,-0.318787409,0.872592476,-0.711687038,1
0.170692482,0.680412661,-0.070671996,-0.139607933,0.546602459,0.09330093,1
-0.637357762,0.922898003,-0.364274574,-0.223024879,0.501176895,-0.319428984,1
-0.727917818,-0.6259072,0.201181755,-0.320918454,0.930296008,-0.67717904,1
-0.754074252,-0.155715637,0.167384009,-0.38239271,0.656331474,-0.494922665,1
-0.798673542,0.796049192,0.491007875,0.942828316,0.534713048,-0.427061164,1
-0.026634437,0.765606596,-0.665725981,-0.155882467,-0.057492661,0.001531285,1
-0.919073243,0.663585739,0.500084079,-0.686432282,0.037018613,-0.034022817,1
-0.747196216,0.805082084,-0.826281309,-0.667879077,0.263981149,-0.197245715,1
-0.08903661,0.09209361,-0.19067908,-0.725647868,0.804378024,-0.071619092,1
-0.652333033,0.790939881,0.067958581,0.753923277,0.865841376,-0.564816931,1
-0.942592395,-0.494623332,0.802698029,0.081222414,0.739925588,-0.697448232,1
0.153373273,0.007253402,-0.879950158,0.613137824,0.86705795,0.132983516,1
-0.949745741,-0.018653469,0.346099147,-0.537761401,0.678378773,-0.644287351,1
-0.909871255,-0.635761299,0.571721702,-0.834359091,0.673052154,-0.612390808,1
-0.861964971,-0.669321859,-0.880067957,-0.893513829,0.660002871,-0.568899356,1
-0.41740646,0.597384507,0.287178639,0.485297765,0.990171844,-0.413304124,1
-0.821578299,0.620363685,-0.126229379,-0.320186326,0.98931422,-0.812799094,1
-0.795930663,0.780540072,0.282481768,-0.121012556,0.971955034,-0.773608814,1
-0.782974756,0.706702659,-0.379190974,0.458954022,-0.178389622,0.13967457,1
-0.530479561,0.650357151,0.593877227,-0.589051627,0.780129809,-0.413842919,1
-0.670783842,0.628979492,-0.647823916,0.431760059,0.852670025,-0.571957275,1
-0.628653396,0.508807299,-0.058414696,0.166609385,0.858029926,-0.539403427,1
-0.052256173,-0.087057698,-0.775549067,-0.131529195,0.722160047,-0.03773732,1
-0.612877836,0.750657778,-0.894070183,0.537469827,0.869607661,-0.532963262,1
-0.699404054,-0.589241213,-0.526823042,-0.734878259,0.577912612,-0.404194423,1
-0.304810084,0.791315365,0.14941022,0.319706673,0.680220193,-0.207337974,1
-0.480044175,0.114653346,-0.483481352,0.827454971,0.361691686,-0.173627987,1
-0.949743952,0.100889878,-0.846826176,0.859303359,0.915543773,-0.869532162,1
0.548550001,0.799347875,-0.588336411,-0.840022778,-0.112063006,-0.061472162,1
-0.524169478,0.32447571,0.101829919,-0.45303122,0.535287114,-0.280581167,1
-0.800773711,0.039787082,-0.281314,0.378481139,0.811075175,-0.649487678,1
-0.428677687,0.983212111,-0.681422378,0.744514751,0.15024011,-0.064404583,1
0.635519758,0.808813593,-0.795607418,0.375836015,0.347477276,0.220828674,1
-0.218440359,0.525404911,-0.596229393,-0.147495638,0.851887219,-0.18608655,1
-0.797593603,0.202957442,0.736379058,0.866724331,0.945322607,-0.753983265,1
-0.899782032,0.923803958,-0.906779366,0.956450647,0.168200958,-0.1513442,1
-0.663296717,0.466183107,-0.960248834,-0.571011641,0.320096531,-0.212318978,1
-0.773137232,0.13032821,0.957608157,-0.526355698,0.812995558,-0.628557135,1
-0.401964006,0.926644505,0.355136352,-0.192731142,0.625530963,-0.251440932,1
0.088695678,0.99184567,0.991138341,-0.29146452,0.718672537,0.063743148,1
-0.187706639,0.704975376,-0.926647546,0.692341507,0.258419575,-0.04850707,1
-0.442068673,0.235695899,-0.168013009,0.370078934,0.54813069,-0.242311407,1
0.883802363,0.925472269,-0.799858272,-0.891619387,0.826114305,0.730121775,1
-0.415175351,0.066122813,-0.717387754,-0.654923868,0.739579155,-0.307055035,1
-0.66399591,-0.518601097,-0.812742754,-0.457353563,0.653138671,-0.433681406,1
-0.5952197,0.51689373,0.678993629,0.371667699,0.457135578,-0.272096101,1
0.129196027,0.502406883,-0.909576126,-0.845278479,0.134600711,0.017389877,1
-0.843882838,0.025209591,0.457171643,-0.476977093,0.785559007,-0.662919764,1
-0.533005251,0.756264825,0.122027759,-0.419417504,0.801570252,-0.427241154,1
-0.60447628,0.08327724,-0.763323166,-0.925592305,0.841857342,-0.508882794,1
0.633467825,0.967600244,-0.637992515,-0.589565284,-0.76056841,-0.481795616,1
-0.891391049,-0.008444841,-0.529264905,0.501863846,0.15151495,-0.13505907,1
-0.474592342,0.553479505,0.942909989,0.502871669,0.5021825,-0.238331969,1
-0.238660864,0.328509251,-0.781473135,-0.368829387,0.906530633,-0.216353384,1
-0.651836747,0.738457347,-0.045764798,-0.600897897,0.430313377,-0.280494072,1
0.754792826,0.695281336,-0.870634187,-0.725041282,0.320205324,0.241688681,1
-0.852587928,0.427839672,-0.242972789,-0.536868157,-0.086215149,0.073505995,1
-0.249846007,0.496145951,-0.628420571,-0.44031022,0.214934511,-0.053700529,1
-0.311688419,0.738420633,-0.636948198,-0.143966613,-0.377960937,0.117806047,1
0.141968065,0.74562272,-0.013657615,-0.263394453,0.181712389,0.025797356,1
-0.960532786,0.903618812,0.843049102,-0.831857776,0.04478851,-0.043020832,1
-0.946731972,-0.441284664,0.439726677,0.026522601,0.525914565,-0.497900133,1
-0.599428907,-0.702865406,-0.690435571,-0.074900861,0.648832718,-0.388929087,1
-0.694137266,-0.042219226,0.321718539,-0.272846517,0.399612929,-0.277386226,1
-0.973076167,-0.008926089,0.071864411,-0.742920635,0.816649926,-0.79466258,1
-0.174560726,0.399036042,-0.334271468,-0.328345931,0.766811281,-0.133855134,1
-0.207857923,0.131005598,-0.71725576,-0.680563208,0.107554827,-0.022356123,1
-0.446679738,-0.497392567,0.176718362,0.142363906,0.893496668,-0.399106858,1
-0.17027131,0.94131422,0.099734582,0.165370004,0.144555555,-0.024613664,1
-0.848632137,0.057342412,0.089391932,0.333385861,0.519874249,-0.441181995,1
-0.511461952,0.054754009,-0.04692435,-0.204968071,0.893643466,-0.457064631,1
-0.278716873,0.45705966,0.054970785,-0.773655752,0.46136848,-0.12859118,1
-0.934309051,-0.362284942,-0.627765089,0.194438457,0.657523506,-0.614330163,1
-0.661218275,0.956236878,-0.880107143,-0.093596122,0.250809786,-0.165840014,1
0.204040055,0.948062018,-0.970283463,-0.141184227,0.770478018,0.157208377,1
-0.915426575,-0.519096055,0.036536773,0.189825805,0.929082643,-0.850506942,1
0.034395894,0.772400723,-0.207949758,0.630871189,0.837982544,0.028823159,1
-0.294099369,0.726282932,-0.454367191,-0.39107108,0.999524094,-0.293959405,1
0.538682685,0.693696081,-0.684214114,-0.443841205,0.674098587,0.363125237,1
-0.479742253,0.33620013,-0.438467265,0.626734611,0.887179103,-0.425617302,1
0.073014111,0.846335201,-0.266948207,0.058261099,0.806150762,0.058860382,1
-0.849236706,0.628863179,0.382873701,0.835519917,0.663618356,-0.563569067,1
-0.742455678,-0.590030975,-0.355297167,-0.136436507,0.660012627,-0.490030123,1
-0.373807584,0.76335555,-0.543469106,-0.899598994,-0.48816602,0.18248016,1
-0.432319375,0.865700126,-0.792430469,0.243414048,-0.490396612,0.212007957,1
0.282141109,0.465337879,0.149700642,-0.69230674,0.849857371,0.239779701,1
-0.999247439,-0.010057226,-0.617554515,0.563259093,0.78890822,-0.788314519,1
-0.390298532,-0.170716879,0.326010569,-0.845246678,0.970361515,-0.378730675,1
-0.630416485,0.085324247,-0.792657724,0.371504165,0.384437907,-0.242355994,1
-0.763077393,0.326633775,0.54863048,0.607368717,0.574074538,-0.438063302,1
-0.60092061,-0.335002521,0.387202885,-0.082962125,0.910988777,-0.547431932,1
-0.440144737,0.320283044,-0.808805228,-0.970444807,0.197206818,-0.086799543,1
-0.417623931,-0.518788635,-0.698050617,-0.366244573,0.569242405,-0.237729251,1
-0.905001551,0.563594346,0.923867086,0.826963531,0.839410889,-0.759668156,1
-0.991117769,0.040676413,-0.07147305,-0.36388874,0.980093919,-0.971388498,1
0.554238637,0.584742921,-0.635242896,-0.719404189,0.835154737,0.462875023,1
-0.652354676,0.932366238,-0.805808044,-0.720355655,-0.32795075,0.213940206,1
-0.682026836,0.522309161,0.364780256,-0.619847948,0.543387226,-0.37060467,1
0.655811989,0.859376404,-0.917480714,-0.400715765,0.908197896,0.595607068,1
-0.0222815,-0.009080718,-0.525320608,-0.605597894,0.911080283,-0.020300235,1
-0.212396856,0.924217804,-0.093946195,0.291819848,0.123907602,-0.026317585,1
-0.72795181,-0.558863212,-0.253570133,-0.341537313,0.512727561,-0.373240957,1
-0.590268949,0.473765182,-0.24239639,0.648104303,0.10339413,-0.061030344,1
-0.948980317,-0.922942547,-0.284705301,-0.741571834,0.712696639,-0.676335082,1
0.85990045,0.972248702,-0.833468378,0.006437941,0.896357983,0.770778633,1
-0.106396001,-0.068817637,0.177623033,-0.650263085,0.876616816,-0.093268524,1
0.58591025,0.771989275,-0.712235219,0.77212305,0.575121675,0.336969684,1
0.155401067,0.962890474,-0.71270956,0.375069018,0.216692685,0.033674274,1
-0.953565054,-0.683176695,-0.26075698,0.565973084,0.966144802,-0.921281921,1
-0.049948504,0.721959271,-0.029787062,-0.326134933,0.940821922,-0.046992648,1
-0.997550762,0.143240043,0.251162377,0.227104859,0.166073202,-0.16566645,1
-0.930042643,0.734716834,-0.203344251,0.028686934,0.269875867,-0.250996064,1
-0.262481097,-0.08712589,-0.968071488,0.730231385,0.545400082,-0.143157212,1
-0.209881576,-0.251362254,-0.780007362,-0.557244856,0.84770803,-0.177918297,1
0.193814362,0.549405083,-0.621924933,0.289167041,0.767795289,0.148809754,1
-0.952987431,0.095413957,-0.699203613,0.803485658,0.121856664,-0.116127869,1
-0.656955335,0.066960248,0.962663752,0.806274901,0.715850472,-0.470281787,1
-0.901497794,0.713965322,-0.46732805,-0.034782573,0.47386719,-0.427190227,1
-0.874795868,0.482150594,0.12998376,-0.666272478,0.217710955,-0.190452644,1
-0.946348623,0.499515084,0.887460321,0.352301901,0.553632781,-0.52392962,1
0.352902836,0.382984352,-0.854956205,-0.325859512,0.288514202,0.10181748,1
-0.421268008,0.25821676,-0.585540917,-0.883575047,0.847250595,-0.35691957,1
-0.799793564,0.923863212,0.802065994,0.328183665,0.853472776,-0.682602034,1
-0.648085917,0.140757908,-0.024174909,-0.749993568,0.371582498,-0.240817384,1
0.128318837,0.933400157,-0.836668955,0.786944538,0.631069942,0.080978161,1
-0.94691077,-0.463523103,0.642994787,0.082374465,0.677388258,-0.641426237,1
0.18201864,0.585356847,-0.435296806,-0.87752733,0.882066806,0.160552601,1
-0.48024907,-0.086785552,-0.206224794,0.031470493,0.782718792,-0.375899972,1
-0.364911377,-0.524953067,-0.913628277,-0.048044233,0.770566094,-0.281188335,1
0.041105216,0.969921049,0.40734855,-0.826783066,0.228700239,0.009400773,1
-0.981551737,0.625564626,0.952454055,0.81327226,0.427659248,-0.419769678,1
-0.444240925,0.976742023,0.856870249,-0.929020184,0.650743579,-0.289086929,1
0.339427979,0.770801364,-0.250912113,-0.163859693,0.959554033,0.325699486,1
-0.663195255,0.820425424,-0.82545584,-0.610862786,-0.216643171,0.143676723,1
-0.838114674,0.05019968,-0.663897828,0.920155988,0.884225203,-0.741082118,1
0.235447804,0.96077273,-0.83842161,-0.406400435,-0.646110584,-0.152125318,1
-0.507144273,0.323272629,-0.308879845,-0.667481681,-0.044294866,0.022463888,1
-0.776595221,-0.403591025,-0.713385509,0.733788029,0.765150406,-0.594212148,1
0.286396481,0.925186357,-0.686100289,-0.087549581,0.969828347,0.277755426,1
-0.701188557,0.835794259,0.283213421,-0.024442762,0.568375936,-0.398538703,1
-0.084612828,-0.023101605,-0.839269499,-0.913541713,0.191948336,-0.016241291,1
-0.566103199,0.975190137,0.511647199,0.93734019,0.616626263,-0.3490741,1
-0.913816832,0.992803468,0.280331883,0.141740719,0.572151169,-0.522841369,1
-0.244438311,0.520948313,0.216419653,0.369223877,0.439846006,-0.107515215,1
0.586541459,0.956613705,-0.336328561,0.501296448,0.868784244,0.509577979,1
-0.843928107,-0.515926131,0.190476808,0.76999164,0.26937541,-0.22733348,2
-0.34292437,0.918911815,0.36150891,0.64422073,-0.011452469,0.003927331,2
-0.020211772,-0.236691825,-0.362097408,0.341030744,0.441012739,-0.008913649,2
-0.599835917,-0.414134327,0.036517775,-0.836144456,0.256962144,-0.154135123,2
0.531861266,0.87558639,0.978032409,-0.583723333,0.76936107,0.409193353,2
-0.689979672,-0.485311977,-0.538399375,0.724423588,0.18946198,-0.130724914,2
0.025972567,-0.072909832,-0.696654021,-0.553900784,0.086913562,0.002257368,2
-0.041448105,-0.028394232,-0.099092009,-0.384579003,-0.00327253,0.00013564,2
-0.743179937,-0.932544654,-0.699094388,-0.632460194,0.29240691,-0.217310949,2
-0.519028086,0.249255789,-0.896034679,-0.38831384,-0.59482474,0.308730746,2
0.362639286,0.626236342,0.302701237,0.971755219,0.43537302,0.157883361,2
0.872263671,0.929603104,0.183725505,-0.129369015,0.333832637,0.291190081,2
-0.792923621,0.746377072,-0.587278822,-0.389771711,-0.720704703,0.571463783,2
-0.167399564,0.957411218,0.418266077,-0.986424035,-0.117391301,0.019651253,2
-0.874070571,-0.595066443,-0.69560731,0.902596684,-0.024661758,0.021556117,2
0.542340862,0.903170914,0.602300771,0.498420187,0.884938034,0.479938056,2
0.383092875,0.617808201,0.543436362,-0.888219986,0.772867092,0.296079876,2
-0.480701244,-0.492474476,-0.017301621,-0.545796678,0.220405998,-0.105949438,2
0.791793871,-0.1507108,-0.924474693,-0.752523081,-0.247273962,-0.195790007,2
0.660329302,0.518104997,-0.261685739,-0.928372137,0.574702018,0.379492583,2
0.588125911,0.32386657,-0.543731384,0.597573061,0.254429065,0.149636326,2
0.405363609,0.73719302,0.078491027,0.684447426,0.592369311,0.240124962,2
0.366026928,0.407646702,-0.673546395,-0.162331977,-0.19602684,-0.071751102,2
0.510131387,0.915481516,-0.165505057,0.173451749,-0.327607569,-0.167122903,2
-0.815107982,0.87821134,0.070702636,-0.979692708,-0.475764671,0.38779958,2
0.687685124,0.97799662,0.586720744,0.663473585,0.920965504,0.633334277,2
0.024243363,0.531064358,-0.750961473,-0.566210498,-0.797869557,-0.019343041,2
-0.535601261,-0.593050824,0.155250989,-0.709463012,0.468945634,-0.251167873,2
0.534721067,0.362211449,-0.408330042,-0.398022769,0.930544052,0.497581509,2
-0.794107747,0.640381705,-0.937691698,0.105691785,-0.705077536,0.559907534,2
0.575301454,0.694091621,-0.129777129,0.292074432,-0.603631558,-0.347270113,2
-0.250487885,-0.563685805,-0.435880337,0.619445086,0.693369801,-0.173680735,2
0.95879313,0.576486155,-0.500463812,0.49087761,-0.435404451,-0.417462796,2
0.295917017,0.716369891,0.135107074,0.11424741,0.687984509,0.203586323,2
0.435385693,0.530581661,-0.491973531,-0.391734454,0.040104821,0.017461065,2
-0.888851101,-0.971291491,0.169701047,0.933550301,0.509720469,-0.4530656,2
0.752002289,0.754860332,0.224367907,-0.832842349,0.787501553,0.592202971,2
-0.25616925,0.001202735,0.407658523,-0.278822754,0.274952555,-0.07043439,2
-0.377771174,-0.68216692,-0.365311993,-0.249208098,0.291509234,-0.110123785,2
-0.97024412,0.5162057,0.264011889,-0.993070357,-0.434324123,0.421400426,2
-0.00775956,0.021271957,0.350981437,-0.146493427,0.340752266,-0.002644088,2
-0.296817196,0.172780166,0.098964793,0.117876266,0.271119468,-0.08047292,2
-0.568884804,-0.067082044,-0.46781603,0.579491303,-0.071210888,0.040510792,2
-0.853782569,0.791697616,0.727294177,-0.73503761,-0.208476661,0.177993739,2
-0.474286188,-0.756130274,0.782139556,-0.322545774,0.959836919,-0.455237394,2
-0.906709236,0.75373802,-0.009233446,-0.845165581,-0.344253687,0.312137998,2
-0.063344638,-0.315737318,0.190588224,0.343915412,0.875066061,-0.055430743,2
0.486616828,0.856554879,0.154397766,-0.922493926,-0.013078997,-0.00636446,2
-0.628155108,0.691757833,-0.88842481,0.288234117,-0.513410693,0.32250155,2
-0.0228568,-0.58113717,-0.771313567,-0.637187086,0.459774052,-0.010508963,2
-0.791855403,-0.878881109,-0.007245553,-0.042741045,0.455948505,-0.361045288,2
0.141033864,0.209052898,-0.467019498,0.717045951,0.463458654,0.065363365,2
0.426766199,-0.028703744,-0.97380058,0.101253264,0.474271133,0.202402889,2
-0.041034278,-0.379453915,-0.792337742,-0.55345772,0.405146832,-0.016624908,2
0.896755297,0.817715934,-0.821186406,0.218038423,0.846209597,0.758842939,2
-0.63341348,0.931107255,-0.212295172,-0.855604622,-0.553843311,0.350811819,2
0.226653474,0.786687396,0.154747796,-0.557008344,-0.162626774,-0.036859923,2
-0.651418315,-0.011027301,-0.037593762,-0.436131838,0.054735666,-0.035655815,2
-0.814662228,0.919839026,-0.388425948,-0.155769564,-0.751283432,0.612042235,2
0.196730433,0.49708936,-0.47270379,0.176984613,-0.068143098,-0.013405821,2
0.564815297,0.959037496,0.738968887,0.951086646,0.903982878,0.510583357,2
0.575739705,0.739371815,0.229686161,-0.824169014,0.813258328,0.46822511,2
-0.040740066,0.291429192,-0.457169119,-0.44765755,-0.421806339,0.017184418,2
0.206872844,0.483851283,-0.246811668,0.000180163,-0.47442307,-0.09814525,2
0.336688181,0.820167726,-0.355132771,-0.416011038,-0.853869391,-0.287487733,2
0.225178974,0.411919559,-0.343474287,0.032076058,0.172244667,0.038785877,2
0.662852384,0.715176723,0.141111895,0.937044196,0.814266696,0.539738621,2
0.003595464,-0.253878671,-0.735661267,0.816215457,0.131870051,0.000474134,2
0.446662216,0.403440943,-0.23564196,-0.108191261,0.421942401,0.188465728,2
0.699071758,0.93512439,0.407593042,-0.44570345,0.064436255,0.045045566,2
0.581049741,0.309075369,-0.868586129,0.998084159,0.477458163,0.277426942,2
0.028155834,-0.276202503,-0.798850347,0.184239242,0.431117264,0.012138466,2
-0.470409898,-0.302018375,0.08523931,0.779172969,0.279836185,-0.131637711,2
-0.296930386,-0.003669652,0.400315001,-0.798933826,0.559953674,-0.16626726,2
-0.268827889,-0.405815955,0.256630787,-0.351300374,0.539281434,-0.144973889,2
-0.089147186,0.332531926,0.347122326,-0.717538261,-0.099292012,0.008851604,2
0.51390007,0.300321999,-0.275536599,-0.048788353,0.22963419,0.118009026,2
-0.974632579,0.576381804,-0.896721886,0.29786593,-0.43197151,0.421013506,2
-0.271690458,0.211222743,-0.180200056,-0.628929378,0.18971238,-0.051543043,2
-0.001057898,0.70596631,0.705469989,0.868822944,0.097441543,-0.000103083,2
-0.143556195,0.102928112,0.273295585,-0.600934127,0.189729202,-0.027236802,2
0.459526297,0.548426746,0.190332133,-0.852368839,-0.115633006,-0.053136407,2
0.995714952,0.816728716,-0.039827123,0.808800932,-0.984487077,-0.980268503,2
0.449683729,0.569482679,-0.131067613,-0.139770076,-0.417202668,-0.187609251,2
-0.379094741,0.985853995,-0.189929359,-0.019410821,-0.76885353,0.29146833,2
0.764924167,0.701154583,-0.714056883,0.553083594,-0.791364969,-0.60533419,2
0.522987982,0.633255133,-0.485901494,0.520472135,0.414310216,0.216679264,2
-0.132530193,0.60272963,-0.10935888,-0.156568197,-0.232990517,0.030878278,2
-0.39164684,0.451979196,0.072313537,0.701786578,0.118704015,-0.046490052,2
0.491353258,0.951746145,0.661233425,0.768549775,0.280422656,0.137786586,2
-0.386670973,0.075769702,-0.079502021,-0.685861701,-0.229970287,0.088922835,2
-0.11850625,0.11230291,0.253886559,0.663215701,0.28565248,-0.033851604,2
0.135106677,0.799382008,-0.066947978,0.146117022,-0.28939794,-0.039099594,2
0.732490515,0.567748321,-0.640054133,0.547304586,-0.260591834,-0.190881047,2
-0.195869422,0.137301069,-0.64538154,-0.686563499,-0.539196092,0.105612027,2
0.333091248,0.985926269,0.655291354,0.412714081,0.691209154,0.230235719,2
-0.017519411,0.770973069,0.99839584,0.456700059,0.207438483,-0.0036342,2
0.201831691,-0.273931028,-0.984273826,0.384671092,0.532128541,0.107400403,2
-0.508996039,0.182101544,0.365665253,0.88334236,0.415379987,-0.211426768,2
0.19968422,0.66974202,0.023039153,0.62297941,-0.338080853,-0.067509411,2
-0.678167711,0.290432955,-0.735925389,-0.763698213,-0.425562697,0.28860288,2
0.370803755,-0.212481157,-0.958005578,0.553300778,0.807415712,0.299392778,2
0.492335087,0.534495316,-0.890129236,0.120228362,-0.963948017,-0.47458543,2
-0.237489173,-0.03112104,-0.942274747,0.574611138,0.059780249,-0.014197162,2
0.819670304,0.310366536,-0.649998428,-0.295673649,-0.53959529,-0.442290236,2
0.755593355,0.976172331,-0.086414638,0.219299391,-0.720205098,-0.544182186,2
0.987747235,0.301890418,-0.768351436,-0.700387856,-0.326559197,-0.322557944,2
0.936310741,0.446718576,-0.692129658,-0.473364591,0.734520193,0.687739146,2
-0.565653725,-0.998984833,-0.330933722,-0.827733632,0.444435419,-0.25139655,2
-0.89521282,-0.44499435,0.172515207,0.847053295,0.349228211,-0.312633572,2
-0.70742888,0.722742005,-0.423203537,-0.26831877,-0.598663264,0.423511683,2
0.120409144,0.682876599,0.448855473,0.859791513,0.289006346,0.034799007,2
-0.214361542,0.266691311,0.366073352,0.423611213,0.477316874,-0.102318381,2
-0.441538069,-0.371785716,-0.493080381,-0.939119268,0.226739752,-0.100114232,2
-0.890150403,-0.393497536,0.453335759,-0.485727216,0.387655255,-0.345071482,2
-0.034579763,0.537976167,-0.224799165,0.60549755,-0.07954216,0.002750549,2
-0.956026945,0.576699988,-0.538430814,0.906907454,-0.271697654,0.259750278,2
0.17369967,0.48626097,0.43339402,-0.621774625,0.608406386,0.105679988,2
-0.792989925,-0.453557237,0.209113331,-0.593016161,0.125370181,-0.09941729,2
0.707073554,0.90279283,-0.333746067,-0.507608029,-0.613059816,-0.433478383,2
-0.574891189,0.699169458,-0.829421987,0.917158187,-0.598558371,0.344105933,2
0.909685794,0.542371959,-0.576918454,0.686096123,0.857486897,0.780043649,2
-0.084167475,0.341603912,0.57159455,0.304198103,0.701253363,-0.059022725,2
-0.052688424,0.470854891,-0.310458449,0.922657012,0.293824197,-0.015481134,2
0.013361673,0.969351211,0.696213704,-0.349674662,-0.487019439,-0.006507395,2
-0.175647567,-0.54909216,-0.979287876,0.209148378,0.041480223,-0.0072859,2
0.592935838,0.33092621,-0.603773586,-0.011221736,0.151217799,0.089662453,2
0.53870007,0.681401451,0.053660077,-0.27801608,-0.768038434,-0.413742358,2
-0.718682904,-0.423689116,-0.978681522,-0.250041755,-0.101367848,0.072851339,2
0.581871675,0.003636463,-0.694963959,-0.492504121,0.033852139,0.019697601,2
0.236854716,-0.340429296,-0.285235634,-0.866541785,0.602461379,0.142695819,2
-0.109130382,-0.614700594,-0.669624623,-0.742163607,0.610657654,-0.066641303,2
0.915301547,0.415235851,-0.576163126,0.269542301,-0.450902868,-0.412712092,2
-0.283102259,-0.735897953,-0.145802984,-0.183662354,0.590068529,-0.167049733,2
0.241122296,0.450775108,-0.021145173,0.094317689,0.109804364,0.02647628,2
-0.997509488,0.62858987,-0.302659764,-0.001816271,-0.360501179,0.359603346,2
0.890777651,0.377620768,-0.384208008,-0.300135688,0.23885502,0.212766714,2
-0.721119222,0.556882662,0.174848136,0.395772536,-0.098044115,0.070701496,2
-0.617465849,-0.6075367,0.571018922,0.687558008,0.830427996,-0.512760928,2
-0.871942928,-0.744074924,-0.261999524,-0.951530222,0.178190817,-0.155372222,2
-0.456475508,-0.506705717,-0.021375834,-0.976636745,0.35817908,-0.163499977,2
-0.088430695,0.699286729,-0.537150253,-0.948039633,-0.629140141,0.0556353,2
-0.347872844,0.057791981,0.536335345,-0.933685984,0.278356516,-0.096832673,2
-0.438433363,-0.952420573,0.035646594,-0.101076141,0.716158273,-0.31398768,2
-0.480256831,0.269315675,-0.812633089,-0.852598875,-0.346510784,0.166414171,2
-0.731053039,0.58827341,0.52705593,0.726520418,-0.159755114,0.116789462,2
-0.215920353,-0.083344046,0.173334311,-0.263725308,0.211170153,-0.045595934,2
-0.625498452,0.208630044,0.032720144,0.094826447,-0.158088521,0.098884125,2
0.18730972,0.847515921,-0.295045247,0.284529409,-0.554694954,-0.103899756,2
0.466881679,0.762998008,0.515703058,0.268240057,0.222608099,0.103931643,2
-0.288486316,0.906149378,0.893108396,-0.181788414,0.030811019,-0.008888557,2
0.919723123,0.591390383,-0.671539493,-0.546899978,0.167925433,0.154444904,2
-0.742493692,0.329020637,-0.506592433,-0.348777573,-0.265560317,0.19717686,2
-0.10188203,0.542362838,-0.744029427,-0.343556229,-0.433699784,0.044186214,2
0.796873228,0.4859942,-0.309122564,0.42878647,-0.139828907,-0.111425912,2
-0.473471726,0.139710158,0.629760199,0.631971425,0.351335703,-0.166347522,2
-0.197726956,-0.75498704,-0.14114083,0.298862373,0.719085255,-0.142182539,2
0.466201643,0.653822907,-0.681096236,-0.825843964,-0.973157133,-0.453687454,2
0.255422706,0.518490255,0.043857657,0.723211475,0.051464043,0.013145085,2
-0.339639223,-0.571476982,-0.448344605,-0.53767598,0.489568147,-0.166276545,2
0.492691488,0.508050783,-0.392137988,0.027651338,-0.851062754,-0.419311374,2
-0.023533748,0.112399983,-0.388872301,0.888260034,0.157722998,-0.003711813,2
0.836806719,0.353207105,-0.718012755,-0.282332181,0.81103326,0.678678082,2
-0.074841957,0.140650707,-0.599508047,-0.191790527,-0.249862725,0.018700215,2
-0.766268045,0.708424667,-0.610650369,-0.880784138,-0.51031418,0.391037449,2
0.0173626,0.534127958,-0.670933,0.87892334,-0.498010553,-0.008646758,2
-0.991156911,-0.143794756,0.321654092,0.15079681,0.131887606,-0.130721312,2
-0.447961258,-0.108712461,0.779741195,-0.302822571,0.51261164,-0.229630155,2
-0.536998757,0.044060372,-0.917553952,-0.178321388,-0.22925663,0.123110525,2
-0.478964529,-0.278118195,0.197254965,-0.094353907,0.356095769,-0.170557242,2
0.332874382,0.842919186,-0.804783694,-0.220235122,-0.910129727,-0.302958871,2
0.565999383,0.595979377,0.202498424,-0.983803434,0.144580214,0.081832312,2
-0.077079718,0.995983741,-0.599878233,-0.018559157,-0.588574558,0.045367161,2
0.890866987,0.382196523,-0.663983057,0.433272155,-0.236660519,-0.210833043,2
-0.088684252,-0.025242695,0.796006006,0.674969914,0.844557517,-0.074898952,2
0.758848464,0.844947821,-0.318719636,-0.991830448,-0.192029685,-0.145721431,2
0.590621693,0.845477722,0.530735562,-0.772068293,0.608443149,0.359359723,2
-0.263554569,-0.35115298,-0.910430912,0.07588316,0.013057698,-0.003441416,2
-0.065026289,0.29471707,-0.188354249,0.470883265,0.344024396,-0.02237063,2
-0.74447124,0.76360826,0.834139588,-0.508830189,-0.034512438,0.025693517,2
0.790773842,-0.017497329,-0.968408267,-0.508291758,0.033469235,0.026466595,2
0.327015515,0.919338816,0.043944804,0.939688933,-0.144553115,-0.047271111,2
-0.211347265,0.480621298,-0.829456571,0.723619581,-0.145300865,0.03070894,2
-0.063608855,-0.143487735,-0.460714675,-0.549471248,0.470666544,-0.02993856,2
0.135744656,-0.145126688,-0.314171111,-0.125508372,0.613627375,0.083296637,2
-0.981659441,0.682296407,0.280034301,0.307372559,-0.291377243,0.286033221,2
-0.982689531,0.336494463,0.045690821,-0.784051202,-0.11556581,0.113565311,2
-0.825820728,-0.55651561,0.047495671,0.679997989,0.357012606,-0.29482841,2
-0.885079326,0.670525573,0.925011833,-0.569600738,-0.197774524,0.175046142,2
0.062942737,-0.401509476,0.105516319,-0.274161594,0.738405777,0.046477281,2
-0.413744977,-0.402891201,0.257701967,-0.759161125,0.53052706,-0.219502906,2
-0.887191531,0.980237003,-0.508047326,0.730093035,-0.74934223,0.66481008,2
-0.872676985,-0.216469152,0.888195733,0.547025348,0.446754736,-0.389872576,2
0.083518862,0.474852629,0.968611601,0.402912492,0.747284974,0.062412391,2
0.503445406,-0.054250072,-0.995197229,0.947686402,0.342681746,0.172521551,2
-0.18507486,0.596739546,0.654219537,-0.167343462,0.436663796,-0.080815491,2
0.399309976,0.568938098,-0.141504281,0.974128908,0.963440655,0.384711465,2
-0.505252053,-0.969937709,-0.986355729,0.126349016,0.561435142,-0.283666258,2
0.895269571,0.926251022,0.056263523,0.269809644,-0.459984923,-0.411810505,2
-0.011334244,0.424135213,-0.244088349,0.128983564,0.054697177,-0.000619951,2
0.751465208,0.848255384,-0.361618499,-0.495089057,0.633084136,0.475740702,2
0.644904588,0.213393409,-0.916486077,-0.093605431,0.397316524,0.256231249,2
0.892173595,0.481207639,-0.528428547,0.768734499,-0.190655591,-0.170097884,2
-0.071817758,0.547551774,0.374637618,-0.452606977,0.277564485,-0.019934059,2
-0.770940174,-0.914593038,-0.277187067,-0.867927863,0.362308035,-0.279317819,2
-0.396641222,0.843360764,0.009942091,-0.129132745,-0.480006123,0.190390215,2
-0.538993797,0.427353613,-0.325095791,0.777036387,-0.366959331,0.197788803,2
0.203995388,0.582037498,-0.595167332,-0.023289292,-0.678410932,-0.138392702,2
-0.396702662,0.919596446,-0.753168149,0.917740366,-0.90911725,0.360649233,2
0.354255629,0.336170077,0.242784601,0.104052977,0.910978272,0.322719181,2
-0.906774739,0.026245295,-0.072824885,-0.823849338,-0.009877732,0.008956877,2
0.532721016,0.922812306,0.858465618,-0.576833634,0.722921194,0.385115313,2
-0.418496715,0.826935377,0.407362328,0.610628384,-0.063698797,0.026657737,2
0.193718556,0.855127884,-0.614287225,0.899773867,-0.766730819,-0.148529987,2
0.42171519,0.598357761,-0.074529109,-0.753860281,0.019095129,0.008052706,2
0.626992534,0.748035831,-0.248204914,0.362063845,-0.616468455,-0.386521119,2
0.193083213,0.623533782,-0.901155827,-0.119875018,-0.636606499,-0.122918028,2
-0.336940841,0.806804021,-0.914898308,0.406900809,-0.727042752,0.244970396,2
0.27175231,0.279120683,-0.537115181,0.874121939,-0.919685126,-0.249926557,3
-0.802843389,0.241069217,0.987308145,-0.163402268,-0.210397474,0.168916221,3
0.355698186,-0.795948379,-0.567512824,-0.426465648,0.977344935,0.347639821,3
0.322272945,0.657995166,0.258192181,-0.439049529,-0.582520949,-0.187730741,3
0.774981263,-0.2199909,-0.857846685,-0.707023267,0.217426313,0.168501319,3
-0.626478631,0.550224518,0.621236851,0.237361442,-0.233051994,0.146002094,3
-0.076651191,0.907693772,0.748695029,-0.215198367,-0.625075268,0.047912763,3
-0.012569509,-0.891857152,-0.627904653,0.779430776,0.380928363,-0.004788083,3
-0.372821679,-0.909465413,0.531527868,0.918240083,0.737883502,-0.275098966,3
-0.021783161,0.11680499,-0.596304273,-0.352835462,-0.617341506,0.013447649,3
-0.236487025,-0.962408507,-0.117527916,0.640502289,0.747091084,-0.176677348,3
-0.598032953,-0.159417614,-0.557813276,-0.203837137,-0.476573423,0.285006612,3
-0.734017014,-0.99883665,-0.921762068,0.290306711,-0.151473816,0.111184358,3
0.441122099,-0.356664974,-0.19745834,0.514074186,0.740675269,0.32672823,3
-0.047214027,0.260483776,-0.4856262,-0.557090728,-0.986839629,0.046592673,3
-0.53311006,0.549294653,-0.199558079,-0.072050819,-0.669413107,0.356870862,3
0.688369877,0.272076396,0.097719769,-0.05576161,0.311598014,0.214494687,3
0.243841405,-0.346978181,-0.9017665,-0.209067736,-0.084550113,-0.020616818,3
0.955884505,0.710915083,0.653049876,0.879546959,-0.619291696,-0.591971337,3
-0.07215422,0.884172998,0.983082292,0.556976802,-0.193969862,0.013995744,3
0.207776466,-0.026614331,0.516009575,0.649105017,0.548691799,0.114005243,3
-0.128460147,-0.935008013,0.191653477,-0.852801904,0.588247162,-0.075566317,3
-0.986899829,0.928769193,0.794628658,0.357733542,-0.523843668,0.516981226,3
-0.364969319,-0.190613754,0.291288409,0.753126109,0.189842931,-0.069286845,3
-0.339302893,-0.64808886,0.617465909,0.764605282,0.500644629,-0.169870171,3
0.458232197,0.341527833,0.521269093,-0.687225633,-0.379857359,-0.174062872,3
0.361213442,0.083089442,-0.47806107,0.423634596,-0.085712955,-0.030960672,3
-0.622555166,-0.892518169,0.183084295,0.883504225,0.28453922,-0.177141361,3
0.744263706,-0.188136551,-0.407190684,-0.160251542,0.790889979,0.588630707,3
0.734921251,0.866921422,0.648930231,0.852640591,-0.348702861,-0.256269143,3
0.770788362,-0.35228193,-0.832252225,-0.812691204,0.582830554,0.449239009,3
-0.215348374,0.820858436,0.75955215,0.786770195,-0.157891428,0.034001662,3
0.420359885,0.183959765,0.424312292,0.787855257,0.594106989,0.249738746,3
0.222477832,0.854540226,0.417825934,-0.07887097,-0.566923843,-0.126127988,3
0.823617348,0.234499179,-0.265338117,0.747661809,-0.305184582,-0.251355316,3
0.250283314,0.059431928,0.722490262,-0.59058498,0.203087164,0.050829328,3
0.598280754,0.008568335,-0.445054796,-0.724568353,-0.74223257,-0.444063462,3
0.225988463,-0.100083706,-0.213560063,0.313470157,0.330829429,0.074763634,3
-0.043585036,-0.798414274,-0.703486493,-0.65082184,0.291406692,-0.012700971,3
0.675071406,0.61710543,0.556055078,0.3665905,-0.12790565,-0.086345447,3
0.837846277,0.832827477,0.208675351,0.390153244,-0.058270896,-0.048822053,3
0.509432136,0.587195548,0.712771215,0.932624964,0.9489613,0.483431383,3
-0.07959894,-0.522225666,0.057146192,0.470826919,0.248452198,-0.019776532,3
-0.509715885,0.411469275,0.788377164,0.953866153,-0.113955492,0.058084924,3
0.964370628,-0.210173736,-0.838731672,-0.043883467,-0.204666403,-0.197374268,3
0.406201015,0.667792013,0.636013777,0.574469788,-0.47362862,-0.192388426,3
-0.766403542,-0.059919802,-0.028016965,0.778959493,-0.089363625,0.068488599,3
-0.126744145,0.279083204,-0.247187476,-0.658445106,-0.676683086,0.085765619,3
-0.145224468,-0.616942043,0.12519911,-0.785784986,0.142991337,-0.020765841,3
-0.475233653,-0.684577023,0.689938793,0.377654803,0.494729339,-0.235112031,3
-0.506636869,0.432033222,-0.511384437,0.170280313,-0.708802134,0.359105294,3
0.962877361,0.825573065,-0.010345205,0.996184409,0.994599815,0.957677645,3
0.654592857,0.770171682,0.740052816,-0.846593703,-0.157503422,-0.103100615,3
-0.130312516,0.378741519,0.047175954,-0.403352425,-0.390828143,0.050929799,3
0.583753272,0.713227935,0.464035656,0.45219432,-0.586801143,-0.342547087,3
-0.070643258,0.086595872,-0.739684072,0.609026124,-0.813556096,0.057472253,3
-0.343620886,-0.029492106,-0.119987733,-0.748482752,-0.220350496,0.075717033,3
-0.579098791,-0.977388401,0.977958346,0.371046647,0.754613268,-0.436995631,3
0.99145661,-0.545555949,-0.834514264,-0.644782025,-0.477344422,-0.473266282,3
0.859539533,0.885999448,0.769655335,-0.046427302,0.259265485,0.222848934,3
0.841715393,0.807961097,0.687968496,-0.008887757,0.894223776,0.752681917,3
0.271494069,0.635823296,0.083732509,0.957236901,-0.740426431,-0.201021384,3
-0.703247541,0.250990777,-0.281768099,0.407547654,-0.490759187,0.345125191,3
-0.970334848,-0.113306879,-0.694870904,0.467726621,-0.511113577,0.495951315,3
0.209293804,-0.170971951,-0.609437397,0.996371379,-0.322259716,-0.067446962,3
0.108519242,0.13184893,-0.735421584,-0.629956118,-0.710477852,-0.077100518,3
0.797168724,0.575433102,0.883850777,-0.724562313,-0.115559907,-0.092120744,3
0.260365884,-0.112526252,0.984496787,-0.538337467,0.776188811,0.202093086,3
0.35679094,0.488557938,0.917914008,-0.789893788,-0.253882295,-0.090582902,3
-0.743929856,0.3869378,0.36790764,0.744058163,-0.183877653,0.136792076,3
-0.212535185,0.235196531,-0.791968518,-0.411997503,-0.806137472,0.171332577,3
0.508049035,0.154701998,-0.337213607,-0.884736004,-0.830325689,-0.421846165,3
0.409562852,0.50753065,-0.307619053,0.301631338,-0.96553117,-0.3954457,3
0.842406556,-0.017013738,-0.950863212,0.849209097,0.369427172,0.311207872,3
0.467566267,-0.454567573,-0.618297306,0.383159729,0.852564959,0.398630616,3
0.733055376,-0.600058147,-0.885580801,-0.520683741,0.570592927,0.418276213,3
-0.302378389,-0.481434276,0.949719603,0.423746876,0.766109791,-0.231655044,3
-0.123965676,-0.719302457,0.557195172,0.552689923,0.868111479,-0.107616026,3
0.368822253,0.805781389,0.77063622,-0.795673124,-0.42006777,-0.154930342,3
0.085090433,-0.123690799,0.786512025,-0.000779204,0.607615717,0.051702285,3
0.397082476,0.80536997,0.264534369,-0.031634292,-0.877625771,-0.348489814,3
0.320964591,-0.164689942,-0.24643921,0.982732347,0.454609805,0.14591365,3
0.171208769,-0.462968894,-0.791076804,-0.61086407,0.019133511,0.003275825,3
0.165920487,0.156805161,0.53417648,-0.821351087,-0.323612779,-0.05369399,3
0.8258588,0.516199328,0.445343288,-0.444331811,0.607163369,0.501431211,3
0.711296842,0.071226292,-0.59798272,0.188861073,0.997414424,0.70945773,3
-0.61675336,0.598434851,-0.608813701,0.37082277,-0.709708422,0.437715054,3
0.433405401,-0.539351249,-0.36084194,-0.760000775,0.358153206,0.155225534,3
0.478108168,-0.597254009,-0.959004075,-0.898654772,0.528209625,0.252541336,3
-0.492422047,0.155247971,0.1727682,-0.687924961,-0.226166086,0.111369167,3
0.157954953,-0.306526984,-0.105375121,-0.564394585,0.27583369,0.043569298,3
-0.016274833,-0.877036178,-0.911544851,0.807747796,0.172696342,-0.002810604,3
-0.792333976,-0.39000331,0.970935774,0.457707533,0.325560788,-0.257952874,3
0.524259086,0.960633281,0.91450867,-0.717794953,-0.705868141,-0.370057787,3
0.66305144,0.843851258,0.571106033,0.766942513,-0.285716857,-0.189444973,3
-0.37414173,0.573643231,-0.644502853,0.126251016,-0.903663478,0.338098216,3
-0.081634459,-0.376126693,-0.520652847,0.089504548,-0.214290068,0.017493454,3
0.423348901,0.297769915,-0.109456723,-0.251718171,-0.179883636,-0.076153539,3
-0.670481915,0.203587122,0.170802155,-0.756763008,-0.41842026,0.280543217,3
0.80964504,-0.125584145,-0.661769071,0.202855666,-0.143378254,-0.116085492,3
-0.144107495,-0.440697859,0.336071128,-0.073496484,0.26098019,-0.037609201,3
-0.753027539,0.273987273,0.535151887,-0.724495941,-0.221190275,0.166562368,3
-0.057373963,0.746004301,0.307488329,0.308582265,-0.82641341,0.047414613,3
0.338394425,-0.139913776,0.705123819,-0.743519688,0.591222451,0.200066382,3
0.852789502,-0.125539824,-0.606052632,0.436935,-0.685555496,-0.58463453,3
0.364583055,-0.674390443,-0.869791639,0.195291193,0.239052864,0.087154623,3
0.123875065,0.061853744,0.611288143,-0.391746035,0.479549185,0.059404186,3
-0.71453923,-0.86338972,-0.759954315,-0.527250992,-0.047398718,0.033868243,3
-0.647742252,0.098073783,0.462965996,-0.540606343,-0.144599436,0.093663165,3
-0.728053782,-0.507036023,0.886231866,0.663236088,0.486764583,-0.354390795,3
-0.195162675,0.549934754,0.338092773,-0.544413605,-0.538383317,0.105072329,3
0.645890945,-0.27989065,-0.570010347,-0.90957071,0.527487285,0.340699261,3
0.362299484,-0.052691759,0.273402725,-0.795203022,0.05630051,0.020397646,3
0.075012854,-0.937546435,-0.622993292,0.580344014,0.564224671,0.042324103,3
-0.18784066,-0.293908049,-0.910724967,0.021804649,-0.274648305,0.051590119,3
-0.264816169,-0.080808723,-0.430387378,0.380067874,-0.358757377,0.095004754,3
-0.646124729,0.537709348,-0.926703704,0.305231601,-0.885881363,0.572389856,3
0.412820273,0.378004055,0.960385077,-0.575348899,0.721908424,0.298018433,3
0.271463497,0.200466515,0.172424061,0.27527207,-0.309362253,-0.083980559,3
0.447337863,0.090058117,-0.135484369,0.182280187,-0.364642,-0.163118173,3
0.352440377,0.324344102,0.52740904,0.925523738,0.470632108,0.165869758,3
0.29324171,0.700536929,0.364240197,-0.026737115,-0.514260386,-0.150802595,3
0.333679579,0.44822139,0.644326772,-0.599216524,-0.046395146,-0.015481113,3
0.417308401,-0.494629484,-0.746696252,0.525906108,0.354219928,0.147818952,3
0.017722722,0.455711609,0.791940158,0.903579748,0.231242925,0.004098254,3
0.59281475,0.375791601,0.203073066,0.127009698,0.068360422,0.040525066,3
0.487574434,0.078620998,-0.380382471,0.637213326,0.470248231,0.229281015,3
0.132341437,0.952707748,0.208642049,-0.024546137,-0.972220815,-0.1286651,3
0.76930569,0.816144524,0.562001915,0.956213218,0.887265972,0.682578761,3
0.757903325,-0.07330406,-0.17797577,-0.681112157,-0.654043551,-0.495701782,3
0.947613337,0.679442203,0.257180915,0.911037999,-0.929462821,-0.880771365,3
-0.496442812,0.138516207,-0.125174733,0.268166303,-0.268155012,0.133123628,3
-0.217312373,-0.035892769,0.812141936,0.158741255,0.302233198,-0.065679014,3
0.581049172,0.224859059,-0.192142834,0.879471538,0.469231737,0.272646712,3
0.683061069,0.932267015,0.804285896,0.859178477,-0.843831451,-0.576388413,3
-0.149428328,0.690537301,0.411543535,0.146310151,-0.756354107,0.11302073,3
-0.121676339,-0.723441814,-0.24977468,-0.093415865,0.300404557,-0.036552127,3
0.90242816,0.29099129,-0.361939383,0.788772457,0.85874763,0.774958044,3
0.17728309,0.221464099,-0.061752237,-0.228505529,-0.55520361,-0.098428212,3
0.90923047,0.268957235,0.230062437,-0.845322924,-0.682774776,-0.620799631,3
-0.123003759,0.376501771,0.360239875,-0.874676093,-0.401728592,0.049414127,3
0.989454661,0.587363094,-0.195010204,0.368613623,0.025405432,0.025137523,3
0.446367313,0.448080639,0.187306342,-0.461479248,-0.171606812,-0.076599671,3
0.558242733,0.154917193,-0.00139972,-0.537335484,0.187617075,0.104735868,3
-0.064386701,0.233064765,0.439047189,0.860064884,-0.172033951,0.011076699,3
0.844110746,-0.125135329,-0.914769749,0.087553772,0.523177244,0.441619533,3
0.821908292,0.863569659,0.639026097,0.197534711,0.617238204,0.507313198,3
0.513886031,0.030374753,-0.084764173,-0.497835493,-0.592020286,-0.304230955,3
0.876796642,0.234321211,0.382725442,-0.720239504,-0.889829794,-0.780199775,3
-0.890310399,-0.343453798,0.373601602,0.177177014,0.118790727,-0.10576062,3
-0.515804838,0.546923819,0.896654417,-0.391106675,-0.459146914,0.2368302,3
-0.683859696,-0.716278536,-0.873277071,-0.613092336,-0.313333565,0.214276196,3
-0.589208697,-0.666334511,0.136944865,-0.435626554,0.045704235,-0.026929333,3
0.725930828,0.306732462,0.147054872,0.267373442,0.050773955,0.03685838,3
-0.116915872,0.437432686,0.064204697,0.568344545,-0.596820466,0.069777785,3
0.126064917,-0.063478467,-0.518298923,-0.210325175,-0.396957723,-0.050042442,3
0.55254589,0.868703129,0.7112699,0.484881231,-0.37604021,-0.207779472,3
-0.000393304,0.909351859,0.785529091,0.609131168,-0.54062557,0.00021263,3
0.09731045,-0.562298309,0.098994326,-0.646053599,0.35009232,0.034067641,3
0.568846431,0.000311167,0.114732767,-0.094941569,0.571193909,0.324921616,3
0.622592569,-0.02872126,-0.241968135,0.150713765,0.306542827,0.190851286,3
0.681131611,0.259956125,0.370139421,-0.417547203,0.356990734,0.243157674,3
0.865922616,-0.222882869,-0.898648767,0.439732274,-0.120606287,-0.104435712,3
0.986125622,0.338858447,0.350675424,0.206702457,-0.726293329,-0.716216461,3
0.409042041,0.647531384,0.976016846,0.747264876,0.738046999,0.30189225,3
-0.285148137,0.115366468,0.2174818,0.17880247,-0.269544483,0.076860107,3
-0.742032092,-0.619461098,0.266309997,0.499907748,0.213818847,-0.158660446,3
-0.349846509,0.529263677,-0.727612106,0.034830754,-0.89295569,0.312397431,3
-0.6825717,-0.426099804,0.385385125,0.986066008,0.160420882,-0.109498754,3
-0.10304928,0.331079924,-0.150290717,-0.896645284,-0.889921253,0.091705744,3
0.537337864,0.504125338,0.325140286,0.400407808,-0.679885607,-0.36532828,3
0.928255048,-0.449322165,-0.717509536,-0.960162591,-0.930287436,-0.863544008,3
-0.048646737,-0.053366538,0.400492715,0.645438967,0.327361842,-0.015925086,3
-0.848732529,0.239178331,-0.238513165,0.916994111,-0.396949709,0.336904131,3
0.929461587,0.853460366,0.636961221,-0.391476712,-0.429781925,-0.39946579,3
0.273742633,-0.076864872,-0.360158247,-0.664655109,-0.483514738,-0.132358597,3
-0.984836871,0.068358246,-0.437656505,-0.865618444,-0.547331098,0.539031845,3
0.962267044,-0.216883961,-0.73419024,0.561229891,-0.870083424,-0.837252605,3
0.767283399,0.925657779,0.787236897,0.181868895,-0.255541905,-0.196073061,3
-0.29607115,-0.139756734,-0.04721437,-0.563137627,-0.146623589,0.043411015,3
-0.389366321,0.07535633,-0.158552487,0.15491374,-0.275322984,0.107201497,3
0.302347964,-0.440465748,-0.355127221,-0.135658289,0.393145129,0.118866629,3
-0.457193327,0.920436774,-0.274526297,0.969046794,-0.979636443,0.447883244,3
0.513461063,0.455857883,0.530350478,0.33794747,0.534521305,0.274455878,3
0.260817763,-0.433698271,0.442153455,0.351997506,0.566174637,0.147668402,4
-0.946286959,0.019202224,-0.124781248,0.910845326,-0.522864335,0.494779701,4
0.053189539,0.058933232,-0.085102097,0.926166294,-0.866868653,-0.046108344,4
0.358573687,-0.639614052,0.045536912,0.627901668,0.448480388,0.160813266,4
0.859933082,-0.471530355,-0.197925462,0.089865411,0.075769974,0.065157108,4
0.249504649,-0.43070667,0.802012177,-0.725020795,0.280670662,0.070028635,4
-0.84563869,-0.794432938,0.114441029,-0.826911873,-0.315697128,0.266965706,4
-0.295100355,-0.408091539,0.959735739,0.74010607,0.08288752,-0.024460137,4
-0.247170602,0.207480067,0.451757261,0.00445669,-0.379010234,0.093680188,4
0.463806871,-0.745215484,-0.397032512,0.095306248,-0.134060905,-0.062178369,4
-0.956622546,-0.975680951,0.293684707,0.500849133,0.016512201,-0.015795944,4
0.269695913,-0.657873369,-0.931150404,-0.310074123,-0.422693702,-0.113998764,4
0.120665148,-0.787809816,-0.475417331,0.791723871,-0.021822909,-0.002633265,4
0.356719396,-0.397534341,-0.764707836,0.02465804,-0.487516541,-0.173906606,4
-0.552546495,-0.581884101,-0.994641572,0.152462868,-0.616418295,0.340599768,4
-0.123017795,-0.56278393,-0.470340513,-0.542510199,-0.293823398,0.036145506,4
-0.250823935,-0.739262532,0.492065404,-0.672166465,0.069872401,-0.01752567,4
-0.68387688,0.818407854,0.370039637,0.727071429,-0.814070013,0.556723661,4
-0.587803942,-0.316153825,0.861894587,-0.015355022,-0.253692668,0.14912155,4
0.057894128,-0.510454252,-0.324895395,0.187832626,-0.453604477,-0.026261036,4
-0.433744425,0.822663849,0.862766817,0.576358989,-0.700124795,0.303675227,4
0.097838986,-0.393098998,0.182419099,0.059366021,0.199411033,0.019510173,4
-0.24829723,-0.087491309,-0.610379518,0.089906168,-0.765179729,0.189992008,4
0.213159802,-0.396494925,-0.17998366,0.195873759,-0.270250641,-0.057606573,4
-0.140622896,-0.650604672,0.875921779,0.764692694,0.773275628,-0.108740259,4
-0.48279403,-0.273976564,0.184949499,-0.523047318,-0.540043258,0.260729661,4
-0.397882874,-0.880209304,0.390373996,0.086577423,0.395200888,-0.157243665,4
-0.528088676,-0.062503966,0.85993414,-0.821958795,-0.346722277,0.183100108,4
-0.032420923,-0.773140379,-0.211427648,0.697860035,0.023873317,-0.000773995,4
0.272844486,0.220979765,0.740740678,0.640396609,0.000796271,0.000217258,4
0.406871783,-0.020750461,-0.401556312,0.75530515,-0.970485772,-0.394863276,4
-0.908428773,0.364660052,-0.419160075,-0.107988074,-0.864755878,0.785569122,4
-0.653123473,-0.531973959,0.235736318,-0.530245593,-0.409489773,0.267447383,4
0.627857898,-0.533038325,-0.537782365,-0.057487575,-0.13412422,-0.084210951,4
-0.500307567,0.54856241,0.945024543,-0.900404193,-0.816383822,0.408443004,4
0.798745068,0.751390913,0.757420067,0.938363183,-0.495429243,-0.395721665,4
0.065133303,-0.008608247,0.049718074,-0.249804022,-0.762483424,-0.049663064,4
0.951670521,-0.488471163,-0.927305032,0.645106293,-0.142782036,-0.135881455,4
0.979621996,0.094172021,0.289354558,0.86825369,-0.492480737,-0.482444962,4
-0.527722767,-0.493000083,0.550757223,0.453210728,0.084246871,-0.044458992,4
-0.923828203,0.305795494,0.086094715,-0.584926713,-0.933381387,0.862284049,4
0.412255853,-0.484923881,0.696817187,0.104887902,0.842438134,0.347300052,4
0.169240996,-0.380767397,0.473891283,0.860547087,0.69984768,0.118442918,4
-0.15554744,-0.074130589,0.559915085,0.373321464,-0.399241699,0.062101024,4
-0.041130363,-0.777570144,-0.460278823,-0.922689629,-0.376686993,0.015493273,4
-0.605224889,-0.249571949,0.151705627,-0.19666264,-0.29729297,0.179929105,4
-0.656519579,-0.310633145,-0.200293688,-0.233699512,-0.510319009,0.335034421,4
-0.514194067,-0.192580076,-0.073642568,0.270831765,-0.357241714,0.18369157,4
0.618673648,-0.848968731,-0.546377528,-0.64464516,-0.048468168,-0.029985979,4
-0.775052603,-0.777095223,-0.110457988,0.412835751,-0.17567007,0.136153545,4
0.202923598,-0.206139661,0.195133521,0.814703641,-0.000601123,-0.000121982,4
-0.448434336,-0.295517856,0.60703802,0.340716836,-0.155555828,0.069756574,4
0.938199131,-0.482952407,0.265415852,-0.992079159,-0.820525245,-0.769816072,4
-0.308354578,-0.690799038,-0.125911512,0.823800818,0.081002296,-0.024977429,4
0.44126265,0.145464149,0.595194555,0.815913985,0.382818895,0.16892368,4
-0.657140177,0.632683055,0.888381794,0.291104137,-0.701790437,0.461174692,4
0.094961653,-0.899473185,0.908396638,-0.539054288,0.905976617,0.086033037,4
0.674800379,0.114113219,0.714466681,-0.753148002,-0.671306307,-0.45299775,4
0.353620397,-0.000381902,0.518103642,0.067584985,-0.306367449,-0.108337779,4
0.845840982,0.101911154,0.342485188,0.396489417,0.749187748,0.633693701,4
0.942732299,-0.462838501,0.005214962,-0.243361815,-0.774535014,-0.730179175,4
-0.987706429,-0.073057001,-0.807244702,0.198308748,-0.833703333,0.823454141,4
0.409425568,0.236919905,0.465340917,-0.253946624,-0.874635779,-0.358098251,4
-0.285938987,-0.128023837,-0.659700038,0.692158618,-0.711043567,0.203315077,4
-0.952591687,0.316820436,0.220987037,0.472146071,-0.530869624,0.50570199,4
0.025224728,-0.981823267,0.299336812,0.454617041,0.563681569,0.014218714,4
0.903347694,-0.076510696,0.016607598,0.935438517,0.40477995,0.365657034,4
0.631356618,0.045720245,0.354953823,0.454706148,-0.052955856,-0.03343403,4
0.824113317,-0.434762656,-0.502937485,-0.891359751,0.89347272,0.736322766,4
0.377356696,-0.127652573,0.482164693,-0.712586803,0.094691231,0.03573237,4
0.479685127,0.127662043,0.926136155,-0.751035855,-0.884403731,-0.424235316,4
0.013633422,-0.972622712,-0.307237491,-0.90944832,0.149810294,0.002042427,4
0.522928447,-0.892350602,-0.180163669,-0.877065362,0.022583402,0.011809503,4
-0.773616633,0.811851048,0.247081914,-0.276084657,-0.892735103,0.690634725,4
0.256748567,-0.231895672,0.439735995,0.567125715,0.473182399,0.121488903,4
-0.767634727,0.248961342,0.395201807,0.929741508,-0.505614173,0.388126997,4
0.44096504,-0.540694088,-0.544747085,0.326907638,-0.418726132,-0.184643586,4
-0.156536559,0.077844589,0.9323197,-0.169995915,-0.078501516,0.012288357,4
-0.863052067,-0.547918303,0.547989954,0.390855978,0.003758251,-0.003243566,4
0.484376804,0.202282818,0.834304148,0.675524638,0.184522785,0.089378557,4
0.413646108,-0.453756009,0.64972095,0.102515755,0.980984588,0.405780457,4
0.579589179,0.3488498,0.998327791,0.963090821,0.766653313,0.444343964,4
-0.386742716,0.231275666,0.404261073,-0.521562631,-0.873702714,0.337898161,4
-0.272097745,-0.976629676,-0.922700817,0.947776967,-0.073775241,0.020074077,4
-0.734319149,0.106490695,-0.787272528,0.266599761,-0.893115937,0.655832135,4
-0.462648769,-0.761137851,0.279472266,-0.478473388,-0.100890381,0.04667681,4
-0.196541298,0.079330222,-0.15440592,-0.140232183,-0.763449285,0.150049314,4
0.355406036,-0.62265486,-0.976326933,-0.796403065,-0.693263541,-0.246390047,4
0.780319377,0.070902161,0.495721668,-0.915928909,0.146901138,0.114629805,4
0.904253812,-0.424893003,-0.68473597,0.666888173,-0.557565523,-0.50418075,4
0.301333089,-0.053340312,0.984913622,0.556186397,0.381623135,0.114995678,4
0.953452819,-0.355115062,-0.458889112,0.642780181,-0.342649645,-0.32670027,4
-0.853902381,0.104314048,0.634907609,0.272143829,-0.269846128,0.230422251,4
0.745160242,-0.386332309,-0.567447698,0.805902433,-0.66289075,-0.493959832,4
-0.298591623,-0.840403028,-0.713279476,0.32896529,-0.115382793,0.034452335,4
0.22589053,-0.020394759,0.069176194,0.805576198,-0.648431864,-0.146474617,4
0.827545656,-0.126618842,-0.140946227,0.237653098,-0.293468368,-0.242858473,4
0.637354986,-0.284659518,-0.821818693,0.664791811,-0.9192148,-0.585866137,4
-0.094336171,-0.54267964,-0.444460696,0.122633228,-0.337736559,0.031860774,4
0.375806993,-0.311636068,0.925463209,0.212754497,0.909307178,0.341723996,4
0.704110623,-0.441998467,-0.495459049,0.779829579,0.923009093,0.649900508,4
-0.798295226,-0.456068192,0.08612268,0.419997147,-0.410991742,0.328092746,4
0.822871997,0.26044351,0.173618425,0.941793484,0.115146812,0.094751087,4
-0.112391828,-0.936916528,0.232287168,0.689642664,0.271195095,-0.030480112,4
0.91635698,-0.356343144,-0.112671409,-0.254751975,-0.069000156,-0.063228774,4
0.733093856,0.100834445,0.122126868,0.58685084,-0.081797085,-0.059964941,4
-0.156287315,0.422894267,0.245194422,0.624329714,-0.713879581,0.111570323,4
0.234691643,0.109862991,0.889689695,0.54818428,0.004632549,0.001087221,4
-0.306855352,-0.746053875,0.916604021,0.725611988,0.50438943,-0.154774596,4
-0.47887019,-0.753468643,-0.536989302,0.82489441,-0.29112473,0.139410955,4
-0.368521724,0.433016843,0.287496152,-0.171944214,-0.681097516,0.250999231,4
0.12854596,0.36612879,0.161198527,0.573534948,-0.789018977,-0.101425202,4
0.995817438,0.602126599,0.950958466,-0.055430398,0.392273174,0.390632467,4
0.546411587,-0.058495416,0.693502809,-0.086495743,0.743570743,0.40629567,4
0.677796177,-0.272190758,0.099921979,-0.933696104,-0.756658082,-0.512859956,4
0.324289541,0.522139893,0.816056644,0.702223974,-0.559321766,-0.181382199,4
0.498418874,-0.410025072,0.350987283,0.581924487,0.736490264,0.367080648,4
-0.162610653,0.03390383,0.957900854,0.743142909,0.140193544,-0.022796964,4
0.508180209,-0.31009918,-0.109557469,-0.797505018,-0.650067083,-0.330351226,4
0.807784111,-0.166623182,0.213590431,-0.926361176,0.442127502,0.357143571,4
-0.410737446,-0.438579193,-0.077846422,0.588387064,-0.151709332,0.062312703,4
0.020198872,-0.74679015,0.682782774,0.563717497,0.543014184,0.010968274,4
0.652033102,-0.611458162,-0.811663712,0.31413541,-0.84836803,-0.553164038,4
0.917621625,-0.632036304,-0.179544872,0.008152901,-0.911288485,-0.83621802,4
0.880942227,0.665422687,0.954902644,0.287582578,0.045989685,0.040514255,4
0.501656442,-0.603049501,-0.929613178,0.764303206,-0.15872068,-0.079623252,4
0.856589419,-0.104513598,-0.194625954,-0.240171727,-0.300097701,-0.257060515,4
-0.309057769,-0.189947982,0.002747136,-0.277068397,-0.751203242,0.232165198,4
0.456922319,0.137683073,0.573387789,0.977923385,0.7583812,0.346521296,4
0.360797633,-0.565785507,0.496067573,-0.312470335,0.942123896,0.339916072,4
-0.464342876,-0.6757728,0.665605622,-0.002658399,0.183997103,-0.085437744,4
0.666806065,-0.736102167,-0.627675709,-0.145268664,-0.024861887,-0.016578057,4
0.722362981,0.19888512,0.678236576,-0.01254442,-0.156042733,-0.112719494,4
0.125281348,-0.88996281,-0.076529253,0.976397519,0.871379583,0.109167608,4
-0.38132049,-0.002641275,0.278314675,-0.636658712,-0.501625014,0.191279896,4
-0.762708443,-0.651778133,0.730922784,0.696595511,0.252065808,-0.19225272,4
0.172477677,0.088191065,-0.039467838,0.087753117,-0.821130099,-0.141626612,4
0.019689122,-0.709955235,0.615071335,0.242901651,0.57632678,0.011347368,4
0.726144411,0.08366387,-0.152843154,0.984567898,-0.066142234,-0.048028814,4
-0.920616005,-0.425148601,-0.716280561,-0.794064578,-0.8014587,0.737835706,4
0.852170527,0.412334314,0.792182782,-0.540586677,-0.496374365,-0.422995604,4
0.916170488,-0.399853659,-0.554665819,-0.498789971,0.621150495,0.569079753,4
-0.274628018,-0.722325195,0.580051366,-0.776088503,0.192040659,-0.052739746,4
-0.416314105,0.422180305,0.038091238,-0.79021925,-0.932251976,0.388109647,4
0.678727094,0.375358898,0.862389901,-0.113634051,0.551443688,0.374279772,4
0.673428365,-0.359713904,-0.132399705,-0.220672312,0.847931481,0.571021111,4
0.875237269,-0.578169736,-0.898225898,0.123945949,-0.444625581,-0.38915288,4
0.73555596,0.471831553,0.920641578,0.037841414,0.448050265,0.329566043,4
0.960727869,0.164015538,0.587370239,-0.710204166,-0.599835228,-0.57627842,4
-0.754813982,-0.496105233,0.041851979,-0.968863694,-0.559585489,0.422382952,4
0.004287906,-0.361209069,0.189903093,-0.846250099,-0.542071215,-0.00232435,4
-0.231955741,-0.880024352,0.455251441,-0.773666813,0.270953148,-0.062849138,4
-0.442211037,-0.018283868,-0.110524654,0.635860343,-0.513417504,0.227038887,4
-0.861605092,0.658037571,0.852885252,0.089908045,-0.608642864,0.524409791,4
0.426482886,-0.902962566,-0.803598405,-0.074798699,-0.674477718,-0.287653204,4
-0.765730326,-0.348495246,0.082635192,0.34624557,-0.336280003,0.257499796,4
0.144640938,-0.621737346,-0.657096747,0.418451702,-0.084383722,-0.012205341,4
0.653297112,0.282768327,0.528210686,0.103676029,-0.146038559,-0.095406569,4
0.097420105,-0.915086561,0.481454299,-0.169636126,0.610763268,0.059500622,4
0.363335581,0.525730934,0.615757664,0.644133445,-0.51374931,-0.186663404,4
0.945569682,-0.018652042,0.274141546,-0.935453617,0.514293376,0.486300224,4
0.14351666,0.644489177,0.739929525,-0.084973033,-0.79915375,-0.114691877,4
0.895751182,-0.204870395,0.267213497,0.125436432,0.235440246,0.210895879,4
0.887065645,-0.184142713,-0.299467746,-0.230881591,0.714771468,0.634049213,4
0.386214228,-0.696338349,0.062439479,0.7624802,0.913530449,0.352818457,4
0.042343682,0.201009986,0.973575757,-0.719619654,-0.159950085,-0.006772876,4
0.356238949,0.421802774,0.556130146,0.498583062,-0.904707319,-0.322291984,4
0.869463699,-0.083299536,0.023342033,-0.809165496,0.599964762,0.521647581,4
0.979501194,0.15993167,0.76529144,-0.470771962,-0.125559303,-0.122985488,4
-0.449073652,0.640835581,0.711845477,0.705416115,-0.706246554,0.317156719,4
0.219165518,-0.235310156,-0.242880139,0.987179026,-0.171184121,-0.037517657,4
-0.359237582,0.122559654,-0.344257525,0.074268848,-0.901373837,0.323807357,4
0.896721388,-0.480238974,-0.14256966,-0.286426913,-0.264611118,-0.237282449,4
-0.899174511,0.447076886,-0.262804957,0.334710859,-0.959662546,0.862904101,4
0.979261585,0.272686433,-0.222556143,0.76285147,0.719865501,0.704936631,4
0.542931729,0.111456274,0.36155259,-0.760416205,-0.400803217,-0.217608784,4
-0.410298647,0.307828786,0.098216904,0.683291647,-0.832351464,0.34151268,4
-0.088548171,-0.816891327,0.347817216,0.256377077,0.514492174,-0.045557341,4
-0.457446212,-0.736784805,0.125739431,-0.277108819,-0.281805563,0.128910887,4
0.530301871,-0.791022263,-0.529946852,-0.723686568,-0.275953755,-0.146338792,4
-0.123192475,-0.783724563,0.341771005,-0.313010721,0.003251509,-0.000400561,4
0.585062839,-0.485490006,-0.447270768,-0.872422332,-0.324712541,-0.189977241,4
-0.335998796,-0.624037248,0.225906464,0.726252504,0.144962312,-0.048707162,4
0.443666918,-0.41527264,0.467499709,0.60305634,0.357294852,0.158519906,4
0.989732285,0.140691321,0.449314856,-0.917222066,-0.413331125,-0.409087159,4
0.601792705,0.597581229,0.930441656,0.934066105,0.47394298,0.285215428,4
0.628471955,-0.506159655,-0.186218567,-0.43703499,-0.851274232,-0.535001981,4
-0.252161149,-0.267318391,0.921517393,-0.974505295,0.092210684,-0.023251952,4
0.873860016,-0.09923574,0.502572194,0.168520256,-0.376248669,-0.328788668,4
0.073293339,-0.900502387,-0.260947333,-0.411200149,-0.071704081,-0.005255431,4
0.041754294,0.480413943,0.744290105,-0.225256084,-0.78936852,-0.032959525,4
0.123316799,-0.844468592,-0.19286178,0.645858519,0.619662323,0.076414774,4
-0.061338214,-0.215777896,0.349429077,0.301793383,0.005315008,-0.000326013,4
0.707563679,0.467264411,0.858954507,0.432986236,-0.495976039,-0.350934631,4
0.90129528,-0.559029056,-0.520138311,-0.965972573,0.834469904,0.752103785,4
0.25356284,-0.225300867,0.490460926,0.905569011,0.165327135,0.041920818,4
0.224008982,-0.667978183,0.203315783,-0.814726779,-0.123534311,-0.027672795,4
-0.316789665,-0.415422027,0.31982848,0.074409481,-0.262268024,0.083083799,4
0.618173804,-0.44763703,-0.532393197,-0.464104943,-0.67894592,-0.419706582,4
-0.202436112,-0.912730453,0.840201008,-0.372422224,0.7522791,-0.152288456,4
-0.788457789,0.73362143,0.460770133,-0.715555598,-0.772343085,0.608959921,4
0.619358958,-0.835941838,-0.363183316,-0.934845121,-0.731655532,-0.453157408,4
0.762904614,0.364621383,0.714295469,0.300323341,-0.841098635,-0.64167803,4
0.113620215,-0.47566468,-0.165570446,-0.472431117,-0.6796554,-0.077222593,4
0.284815994,-0.691278013,0.111750993,-0.191166762,-0.129764444,-0.036958989,5
0.86309002,-0.669764401,-0.074631037,-0.329891559,0.596583932,0.514905637,5
0.832984618,-0.720172808,-0.070923782,0.092486112,-0.905432678,-0.754211493,5
-0.529647825,-0.267112029,0.075800071,-0.335985962,-0.734886749,0.389231168,5
0.710357626,0.114726565,0.789919081,0.735025414,-0.55358207,-0.393241245,5
-0.308986041,-0.783810743,0.241797209,0.617298531,-0.058708865,0.01814022,5
0.923777523,-0.541865573,0.657708103,0.41899215,-0.875531531,-0.808796349,5
-0.666484599,-0.869191366,0.676509311,-0.64437144,-0.559255354,0.37273508,5
0.870712986,-0.047607397,0.79139181,-0.623389592,0.236440455,0.205871774,5
0.601710295,-0.092405154,0.765709046,0.708794746,-0.341903422,-0.205726809,5
-0.271466099,-0.901381701,0.657841396,-0.620057704,-0.577463674,0.156761811,5
-0.480152584,-0.773534365,-0.366590561,0.840595464,-0.508618205,0.244214345,5
-0.874679399,0.2928734,0.559870133,0.739042489,-0.966249912,0.845158892,5
0.452590422,-0.630385603,0.427484733,0.603915711,0.532765357,0.241124498,5
0.589642344,-0.839788485,0.945832585,-0.229964381,0.158441267,0.09342368,5
-0.767364263,-0.075970135,0.930640736,-0.060371327,-0.782452929,0.600426415,5
0.930723418,-0.701125848,0.849952175,0.501707171,-0.513162285,-0.477612155,5
0.879617528,0.181649186,0.779390453,0.504173242,0.725333693,0.63801623,5
0.130992006,-0.328717125,0.732679589,-0.39343689,-0.376488055,-0.049316925,5
0.493440427,-0.370558307,0.936565314,0.684593773,0.947037873,0.467306772,5
-0.070634118,-0.437323226,0.372971363,-0.124027827,-0.419965672,0.029663905,5
0.66895254,-0.641512895,0.677499096,0.312386215,0.567714498,0.379774056,5
-0.17809947,-0.283294556,0.762819169,0.217045023,-0.761997356,0.135711325,5
0.818027235,-0.298384424,0.303967984,0.35353838,0.033413634,0.027333263,5
-0.472212306,-0.757845752,0.312051167,0.415549604,-0.294133772,0.138893587,5
0.8848808,-0.901873446,0.766032479,0.209825916,-0.052825022,-0.046743847,5
-0.782630563,-0.579166435,0.763563748,-0.145855404,-0.356682171,0.279150369,5
-0.573383205,-0.896894767,-0.724133084,0.072447371,-0.908430824,0.520878977,5
0.536796277,-0.339263012,0.576073531,0.553151094,-0.206426197,-0.110808814,5
0.900194989,-0.409490324,0.404880579,-0.622129103,0.033655266,0.030296302,5
0.142639027,-0.754099329,-0.057928145,0.407754715,-0.521109184,-0.074330507,5
-0.018243467,-0.852730031,0.82527616,0.920384559,-0.696488826,0.012706371,5
-0.206920004,-0.848200872,0.126532956,-0.547778416,-0.611311719,0.126492623,5
0.801215548,-0.451680269,0.522162625,0.470139019,-0.40901557,-0.327709634,5
-0.206911627,-0.872853171,0.754152319,-0.951785932,-0.138274733,0.02861065,5
-0.545423714,-0.049527107,0.08008192,0.72347802,-0.959580352,0.52337788,5
-0.307614693,-0.948720262,-0.303356465,-0.800267447,-0.560446706,0.172401642,5
-0.175455179,-0.650273481,0.4466041,0.452151296,-0.701177749,0.123025268,5
0.309587233,-0.699696131,-0.2148266,0.167571395,-0.766391321,-0.237264968,5
0.108942923,-0.989328191,0.034377811,0.030580915,0.150942669,0.016444135,5
-0.101590011,-0.590402437,0.692931059,0.467268206,-0.847243724,0.086071499,5
0.785556992,-0.99609461,-0.710204236,0.199964095,0.322579235,0.253404374,5
0.346906341,-0.369697217,0.877532071,0.621267439,-0.371519215,-0.128882371,5
-0.464820742,-0.613498914,-0.366308292,0.869142454,-0.859741092,0.399625492,5
-0.265196269,-0.713022165,-0.811877997,0.494219757,-0.803820946,0.213170315,5
0.886375399,-0.681577231,0.1571361,-0.621574888,0.123420043,0.10939649,5
-0.967360959,-0.83716779,0.912380487,-0.662939672,-0.440784762,0.426397971,5
-0.97390319,-0.751182656,0.127382553,0.386998733,-0.757000256,0.737244965,5
0.653256079,-0.084212153,0.785012956,-0.054334677,-0.090990435,-0.059440055,5
-0.70340448,-0.94250905,0.846297215,-0.685481096,-0.861559284,0.60602466,5
-0.131060019,-0.896562886,0.361685879,0.832639091,-0.165484403,0.021688389,5
0.399648381,0.348418556,0.983561057,0.797828106,-0.976101348,-0.390097323,5
-0.054279816,-0.936787369,0.689497739,0.116940882,-0.072251047,0.003921774,5
0.971341416,-0.776602707,0.624131056,-0.547066577,-0.864495558,-0.839720339,5
-0.135586947,-0.266925398,0.374186272,0.818231497,-0.422549509,0.057292198,5
-0.982126658,-0.339410453,-0.487780872,-0.85715328,-0.999862487,0.981991603,5
-0.13681056,0.07880766,0.980118245,0.278535492,-0.622636394,0.085183234,5
0.779868995,-0.894549575,0.247265325,0.730583118,0.941777844,0.73446334,5
-0.529567534,-0.788341486,0.600487347,0.749934771,-0.447519311,0.236991698,5
-0.870877047,-0.675237464,0.054873549,-0.619845662,-0.68997368,0.60088224,5
-0.017201035,-0.356921477,0.770640221,-0.837597545,-0.513510028,0.008832904,5
-0.468178608,-0.829921734,0.908182042,-0.685445468,-0.001255988,0.000588027,5
-0.196529783,-0.595418568,0.363889615,-0.354742296,-0.358226154,0.070402108,5
0.595409714,-0.88418342,0.831330788,0.798550699,-0.991019568,-0.590062677,5
-0.234451719,-0.212400684,0.967519553,0.992956761,-0.48533025,0.113786512,5
-0.279339563,-0.701128475,0.545451755,-0.307383384,-0.108459898,0.030297141,5
0.433953514,-0.693835544,0.854510703,0.020632939,-0.526070846,-0.228290292,5
0.41994125,-0.989794353,0.066838766,0.969106729,0.871584083,0.366014109,5
-0.48358172,0.008923985,0.655794903,0.562821168,-0.733298426,0.354609714,5
0.324358597,-0.492753783,0.836289915,0.123410553,-0.016670872,-0.005407341,5
0.964200915,-0.160599423,0.726562753,-0.966577369,0.461839912,0.445306466,5
0.831703829,-0.845820654,0.515220193,0.561245754,-0.298928767,-0.2486202,5
-0.308309815,-0.720591077,0.426812027,-0.72188827,-0.511293433,0.157636784,5
-0.31528721,-0.767519714,0.293403396,-0.672487827,-0.571916662,0.180318009,5
-0.138683368,0.062996262,0.977601248,-0.818672593,-0.943275756,0.130816659,5
0.193035997,-0.937780559,0.707089327,0.527657647,0.877293471,0.16934922,5
0.709435023,-0.937696881,0.527943198,0.513500866,-0.865912993,-0.614309004,5
0.050881219,-0.721097424,0.604397731,0.576390886,-0.458426653,-0.023325307,5
0.116588073,-0.785268659,0.737551041,0.797573427,-0.18457407,-0.021519135,5
-0.726321812,-0.949038399,-0.759631307,0.540982826,-0.807013832,0.586151748,5
-0.797746297,-0.518066725,-0.723281177,-0.294561249,-0.78324424,0.624830192,5
-0.833711015,0.520196307,0.920452474,-0.540417922,-0.811183144,0.676292322,5
0.545334403,-0.583750619,0.910495678,-0.633824785,0.053234163,0.02903042,5
0.105422718,-0.24806003,0.867995222,-0.20917828,-0.959310086,-0.101133077,5
0.1724499,-0.919616247,0.032947271,0.672673469,0.077226706,0.013317738,5
0.988340257,-0.866290832,0.562867924,0.056668323,0.53065461,0.524467314,5
0.679501484,-0.802079578,0.925452826,-0.052772876,-0.973766839,-0.661676012,5
-0.592656825,-0.992480343,0.152688978,-0.463490064,-0.460953395,0.273187175,5
-0.604913024,0.135101302,0.488705272,-0.637513546,-0.815075833,0.493049987,5
-0.342367352,-0.06868386,0.631502569,-0.380739428,-0.735844737,0.251929214,5
0.937257419,-0.868801273,0.528541593,0.429007404,-0.457833762,-0.429108091,5
0.96366441,0.025829756,0.890198815,0.293705475,-0.007557339,-0.007282739,5
-0.478231076,-0.944335445,0.556098977,0.786609897,-0.615509518,0.294355779,5
0.930329037,-0.945125802,-0.648460592,0.829993268,0.699270051,0.650551233,5
-0.573943316,-0.545439643,-0.491684672,0.671260374,-0.981814645,0.563505954,5
0.404211578,-0.745807114,-0.008213258,-0.943494289,-0.415859035,-0.168095037,5
0.662988261,-0.382322764,0.67175287,0.107356277,-0.671206542,-0.445002058,5
-0.569854958,-0.835981432,0.679136076,0.416667097,-0.746986977,0.425674233,5
0.793489016,-0.878345328,0.669409902,0.507304119,0.065672126,0.05211011,5
-0.605848675,-0.419916113,0.748757392,-0.973906868,-0.782409872,0.474021984,5
-0.003689628,-0.627493855,-0.856085047,0.490078837,-0.866676082,0.003197712,5
-0.169781793,-0.548908344,0.82693977,0.35943132,-0.490308059,0.083245382,5
-0.228925745,0.115445435,0.312847355,0.880909511,-0.754272501,0.172672394,5
-0.201398065,-0.323559934,0.489365477,0.168438931,-0.960475371,0.193437881,5
0.204807269,0.187934647,0.956029783,0.588310893,-0.998702215,-0.204541473,5
-0.809558678,-0.796541845,0.85102157,-0.001889292,-0.439796879,0.35604138,5
0.559171181,-0.438237034,0.06485513,0.495559163,-0.566340811,-0.316681461,5
-0.841391225,-0.773123019,0.59152161,0.170502039,-0.401728705,0.338011007,5
-0.142816232,-0.659025197,0.983871628,-0.962172176,-0.387452337,0.055334483,5
0.535683444,-0.714656585,0.388944028,0.712178982,-0.549509007,-0.294362878,5
0.527833662,-0.288077184,0.538489274,0.958924522,0.234007808,0.123517198,5
-0.710686159,-0.228904013,0.907191717,-0.037477411,-0.727379948,0.516938861,5
0.561178484,-0.999317678,0.303623637,-0.409114852,0.920748428,0.516704207,5
0.820802444,-0.196648176,0.768691802,0.216272805,0.568924819,0.466974881,5
-0.975355034,-0.536842391,-0.787032931,0.479008312,-0.792659377,0.773124314,5
-0.456870198,0.445606471,0.695096194,-0.543053237,-0.957040168,0.437243132,5
0.089171548,-0.383076802,0.763819948,0.429806441,-0.70555416,-0.062915356,5
-0.498656654,-0.538769287,0.43509091,0.18182725,-0.981016033,0.489190172,5
-0.16773857,-0.958694546,-0.000916707,-0.670112472,-0.537856178,0.090219226,5
0.709151232,-0.906492784,0.886575663,0.553022464,-0.483134555,-0.342615465,5
-0.906990628,-0.175801669,0.710221078,0.341063427,-0.577086774,0.523412295,5
-0.133896967,-0.925784718,-0.112141615,0.394233343,-0.267116035,0.035766027,5
0.942710683,-0.972253934,-0.670444553,-0.37827745,-0.055591388,-0.052406595,5
0.252007203,-0.30120872,0.597207353,0.105481066,-0.891041456,-0.224548865,5
-0.442186615,-0.42220415,-0.329728404,-0.35385012,-0.97614903,0.431640036,5
-0.652871741,-0.634871549,-0.080670888,-0.880682461,-0.806373347,0.526458371,5
-0.836225335,-0.091053915,0.746221648,-0.007414954,-0.665851154,0.556801605,5
0.79489292,-0.844991254,0.48754867,-0.353297056,0.940334922,0.747465572,5
0.922212126,-0.93237424,-0.690581597,0.503508962,-0.985799689,-0.909116427,5
0.465913087,-0.356640333,0.795029297,0.930043889,0.20279232,0.094483596,5
-0.091803389,-0.332090432,0.733966159,0.585069807,-0.085084872,0.00781108,5
0.123260242,-0.727678694,-0.283947562,0.195615014,-0.959022334,-0.118209325,5
0.40013045,-0.994055554,0.847763588,-0.342739963,-0.240113395,-0.096076681,5
-0.683953674,-0.970515,0.751280795,-0.889910597,-0.509681143,0.34859829,5
0.935325534,-0.698426328,0.315770157,-0.499650734,-0.911001276,-0.852082755,5
0.910464163,-0.171157334,0.932036776,0.538677219,0.721571333,0.65696484,5
-0.733560152,-0.158421095,0.104712491,0.728293312,-0.843515608,0.618769437,5
0.455392732,0.027362093,0.788621891,0.264858621,-0.508079444,-0.231375686,5
0.770743433,-0.997627932,0.617580601,0.732747705,-0.832857953,-0.641919798,5
0.907678775,-0.789566311,0.238654875,-0.091785251,-0.794460356,-0.721114803,5
0.98774625,-0.658618115,-0.240869895,-0.46349432,-0.128561998,-0.126986631,5
-0.108006785,-0.759284658,-0.229124221,0.718447314,-0.901940151,0.097415656,5
0.593778075,-0.6422917,0.831639553,-0.191128218,0.115574427,0.068625561,5
0.960273905,-0.72502513,0.886746993,0.57506942,-0.430261081,-0.413168488,5
0.981199278,-0.140223076,0.665062037,0.955088644,0.628329835,0.61651678,5
0.262118452,-0.845173737,0.441595749,-0.590068415,-0.479399128,-0.125659357,5
-0.411486339,-0.891240854,0.163100548,-0.514497087,-0.521163329,0.21445159,5
0.71973975,-0.446236492,0.252099534,0.557083225,0.490649958,0.353140278,5
0.576259472,-0.766262326,-0.041965264,0.593292352,-0.536554287,-0.30919449,5
-0.140768882,-0.293015506,0.584621186,-0.591688178,-0.552045475,0.077710824,5
-0.338726589,-0.780021233,-0.063538436,-0.697118739,-0.714956935,0.242174924,5
-0.199286478,-0.609960574,0.658122467,-0.441304617,-0.854034318,0.170197492,5
0.842017195,-0.729876056,0.954895786,-0.84732063,0.582608861,0.490566679,5
0.954065945,-0.781243825,-0.420909207,0.640235138,-0.336628512,-0.321165799,5
0.990088422,-0.612211582,0.504641094,-0.081718356,0.697226574,0.690315959,5
0.101964521,-0.014288756,0.971514798,0.744159342,-0.687908326,-0.070142243,5
-0.640284646,-0.546019712,0.705175776,0.726795236,-0.734015577,0.469978904,5
0.781071044,-0.698214109,0.538861903,0.687593922,-0.400301105,-0.312663602,5
0.031173016,-0.578022476,-0.252975585,-0.952354826,-0.913210409,-0.028467523,5
0.56841521,-0.796896054,0.547984438,-0.545920937,-0.974877852,-0.554135399,5
-0.226652855,-0.620620203,0.044822841,0.70384416,-0.884520291,0.200479049,5
0.265204876,-0.812281489,0.028342732,0.381165873,-0.236573656,-0.062740487,5
-0.270464,-0.665925839,0.662431378,0.481894075,-0.202526631,0.054776163,5
-0.791284192,-0.948647598,0.560273526,-0.547591213,-0.372717499,0.294925465,5
0.679574244,-0.562575097,-0.240874247,0.42428004,-0.591202782,-0.401766183,5
-0.361991265,-0.393385131,-0.350979086,0.820723577,-0.804774006,0.291321161,5
0.216811972,-0.658774498,0.32257148,0.679203433,-0.46398859,-0.100598281,5
-0.818062771,-0.789677566,0.8237714,-0.6462505,-0.27824141,0.227618939,5
0.296265976,-0.706664118,0.5396091,-0.568250732,-0.097756214,-0.02896184,5
0.342968984,-0.74032964,0.383913725,-0.159251153,-0.085157522,-0.029206389,5
0.21082008,-0.820100403,0.610519296,0.455614937,-0.518223712,-0.109251964,5
0.860419265,-0.146043535,0.73502247,-0.640072335,0.9842633,0.846879105,5
-0.557156182,-0.801724165,0.96371707,-0.959853197,-0.706074874,0.393393981,5
0.783147896,-0.747592201,0.403275512,0.776432364,-0.101582213,-0.079553896,5
-0.160737753,-0.732347788,0.137178971,0.830742586,-0.477459098,0.076745703,5
0.158589816,-0.954265084,0.853106869,0.74302961,-0.646898912,-0.10259158,5
0.598636374,-0.736432835,0.867988,-0.933996806,0.680176872,0.407178616,5
-0.188619209,-0.87772231,0.985522325,0.876194483,0.311160392,-0.058690827,5
-0.084187828,-0.184523892,0.495495033,0.433359786,-0.495089403,0.041680501,5
0.951335014,-0.376229393,0.661737944,0.756715807,-0.763167608,-0.726028066,5
0.856025603,-0.896575406,-0.710710652,0.314756098,-0.258911239,-0.221634649,5
0.151526621,-0.712680748,0.907699994,-0.883364613,-0.408419558,-0.061886436,5
0.428299354,-0.237690815,0.696253999,-0.89414398,-0.991049559,-0.424465885,5
0.822894357,-0.979164211,-0.639187415,-0.119370376,0.545722942,0.449072329,5
-0.800965685,-0.371708049,0.844246998,-0.274550961,-0.963015392,0.771342283,5
0.725200943,-0.62805579,0.902731506,0.690148223,0.843996062,0.612066741,5
0.136414695,-0.620705125,0.904790566,-0.985530457,-0.314698685,-0.042929525,5
0.741750799,-0.730058761,0.633651994,-0.002855908,-0.664212725,-0.49268032,5
0.561635059,-0.804482298,0.908195496,-0.766038974,0.422366016,0.237215562,5
-0.643183315,-0.760925831,-0.980342618,0.479788989,-0.981512507,0.631292467,5
0.958240046,-0.877412838,-0.186742681,0.580539976,-0.694572082,-0.665566784,5
-0.719365817,-0.828079877,0.471265414,-0.056306766,-0.581332316,0.418190597,5
0.631424376,-0.921649534,0.097672747,0.001017634,0.193549912,0.122212132,5
0.446906524,-0.333405618,0.368945515,0.592548647,-0.317205706,-0.1417613,5
-0.196727088,-0.30599608,0.450524361,0.20269844,-0.406228508,0.079916152,5
0.521231453,-0.967141652,0.635054833,-0.829137573,0.545930571,0.284556185,5
0.275485397,-0.489149121,0.470249535,0.886351277,-0.41491956,-0.11430428,5
0.48137384,-0.999978002,0.617336771,0.143957085,0.252136521,0.121371925,5